class	spec	spec_id	name	spell_id	origin	source	castable	cooldown	cast_time	band	tree	hero_tree	node_id	entry_id	max_ranks	blizz_category	seed_bucket	also_from	aliases	description_source	description
Death Knight	Unholy	252	Anti-Magic Zone	51052	talent-active	TraitNodeEntry	true	240	0	Cooldown	class		76065	96194	1	Buff/Utility	Class 7 (Raid Defensive)	cdm-only:CooldownSetSpell		api	Places an Anti-Magic Zone for 6 sec, reducing the magic damage taken by party or raid members by 15%.
Death Knight	Unholy	252	Death Pact	48743	talent-active	TraitNodeEntry	true	120	0	Cooldown	class		76075	96204	1	Utility	Self-Heal 4 (Emergency/Overflow)	cdm-only:CooldownSetSpell		api	Create a death pact that heals you for 50% of your maximum health, but absorbs incoming healing equal to 30% of your max health for 15 sec.
Death Knight	Unholy	252	Icebound Fortitude	48792	talent-active	TraitNodeEntry	true	120	0	Cooldown	class		76081	96210	1	Buff/Utility	Personal Defensive 1	cdm-only:CooldownSetSpell		api	Your blood freezes, granting immunity to Stun effects and reducing all damage you take by 30% for 8 sec.
Death Knight	Unholy	252	Raise Dead	46585	talent-active	TraitNodeEntry	true	120	0	Cooldown	class		76072	96201	1	Essential	Class 4 (Special)	class-baseline:SpecializationSpells;cdm-only:CooldownSetSpell		api	Raises a ghoul to fight by your side.  You can have a maximum of one ghoul at a time. Lasts 1 min.
Death Knight	Unholy	252	Army of the Dead	42650	talent-active	TraitNodeEntry	true	90	0	Cooldown	spec		76196	96333	1	Essential		cdm-only:CooldownSetSpell		api	Summons a legion of 8 empowered Lesser Ghouls that last for 15 sec to swarm your enemies.\n\nGenerates 40 Runic Power.
Death Knight	Unholy	252	Blinding Sleet	207167	talent-active	TraitNodeEntry	true	60	0	Cooldown	class		76044	96172	1	Buff/Utility	CC 2	cdm-only:CooldownSetSpell		api	Targets in a cone in front of you are blinded, causing them to wander disoriented for 5 sec. Damage may cancel the effect.\n\nWhen Blinding Sleet ends, enemies are slowed by 50% for 6 sec.
Death Knight	Unholy	252	Dark Transformation	1233448	talent-active	TraitNodeEntry	true	45	0	Cooldown	spec		76185	96322	1	Essential/Other	Cooldown 1	cdm-only:CooldownSetSpell		api	Corrupt and evolve your Ghoul into a Monstrosity, greatly empowering its abilities for 15 sec.\n\nDeath Coil and Epidemic extends the duration of this effect by 1.0 sec.
Death Knight	Unholy	252	Mind Freeze	47528	talent-active	TraitNodeEntry	true	15	0	Rotational	class		76084	96213	1	Utility	Interrupt	cdm-only:CooldownSetSpell		api	Smash the target's mind with cold, interrupting spellcasting and preventing any spell in that school from being cast for 5 sec.
Death Knight	Unholy	252	Soul Reaper	343294	talent-active	TraitNodeEntry	true	15	0	Rotational	spec		76179	96314	1	Buff/Essential		cdm-only:CooldownSetSpell		api	Rupture the soul of your enemy, dealing 156 Shadowfrost damage and causing the foe to take 20% increased damage from your diseases and minions for 8 sec.\n\nOnly usable on enemies below 35% maximum health.\n\nConsumes up to 2 available charges to cast Putrefy.
Death Knight	Unholy	252	Control Undead	111673	talent-active	TraitNodeEntry	true	0	1.5	Rotational	class		76059	96188	1		Class 5 (Purge)			api	Dominates the target undead creature up to level 71, forcing it to do your bidding for 5 min.
Death Knight	Unholy	252	Death Strike	49998	talent-active	TraitNodeEntry	true	0	0	Rotational	class		76071	96200	1	Essential	Self-Heal 1	cdm-only:CooldownSetSpell		api	Focuses dark power into a strike that deals 54 Physical damage and heals you for 20.00% of all damage taken in the last 5 sec, minimum 7.0% of maximum health.
Death Knight	Unholy	252	Outbreak	77575	talent-active	TraitNodeEntry	true	0	0	Rotational	spec		76189	96326	1	Buff/Essential	Rotational 6	cdm-only:CooldownSetSpell		api	Inflicts the target with Dread Plague and Virulent Plague.\n\nDread Plague\nA malicious plague that deals 153 Shadow damage over 24 sec. Explodes for 64 Shadow damage to nearby enemies and infects one when the host dies. Can only be applied to 1 host at a time.\n\nVirulent Plague\nAn infectious plague that spreads to all nearby enemies, dealing 70 Shadow damage over 24 sec.
Death Knight	Unholy	252	Putrefy	1247378	talent-active	TraitNodeEntry	true	0	0	Rotational	spec		108129	133522	1	Essential	Rotational 4	cdm-only:CooldownSetSpell		api	Summon a Lesser Ghoul to strike the enemy for 82 Shadow damage and have them explode for 42 Shadow damage to nearby enemies.
Death Knight	Unholy	252	Scourge Strike	55090	talent-active	TraitNodeEntry	true	0	0	Rotational	spec		76190	96327	1	Essential	Rotational 1	cdm-only:CooldownSetSpell		api	An unholy strike that deals 46 Shadow damage and causing your plagues on the target to erupt, dealing their damage an additional time at 35% effectiveness.\n\nApplies Virulent Plague or spreads it to a nearby enemy.
Death Knight	Unholy	252	Wraith Walk	212552	talent-choice	TraitNodeEntry	true	60	0	Cooldown	class		76074	133518	1	Buff/Utility	Movement Ability 2	cdm-only:CooldownSetSpell		api	Embrace the power of the Shadowlands, removing all root effects and increasing your movement speed by 70% for 4 sec. Taking any action cancels the effect.\n\nWhile active, your movement speed cannot be reduced below 170%.
Death Knight	Unholy	252	Asphyxiate	221562	talent-choice	TraitNodeEntry	true	45	0	Cooldown	class		76064	96193	1	Buff/Utility	CC	cdm-only:CooldownSetSpell		api	Lifts the enemy target off the ground, crushing their throat with dark energy and stunning them for 5 sec.
Death Knight	Unholy	252	Raise Ally	61999	class-baseline	SkillLineAbility:796	true	600	0	Cooldown						Utility	Class 8 (Lust/BRes)	cdm-only:CooldownSetSpell		api	Pours dark energy into a dead target, reuniting spirit and body to allow the target to reenter battle with 60% health and at least 20% mana.
Death Knight	Unholy	252	Sindragosa's Fury	190778	class-baseline	SkillLineAbility:796	true	300	0	Cooldown										api	Summons Sindragosa, who breathes frost on all enemies within 40 yd in front of you, dealing 146 Frost damage and slowing movement speed by 50% for 10 sec.
Death Knight	Unholy	252	Lichborne	49039	class-baseline	SkillLineAbility:796	true	120	0	Cooldown						Buff/Utility	Self-Heal 2	cdm-only:CooldownSetSpell		api	Draw upon unholy energy to become Undead for 10 sec, increasing Leech by 6% and making you immune to Charm, Fear, and Sleep.
Death Knight	Unholy	252	Apocalypse	220143	class-baseline	SkillLineAbility:796	true	90	0	Cooldown										api	Strikes the enemy, dealing 3 Physical damage and bursting up to 6 Festering Wounds on the target, summoning a member of your Army of the Dead for 20 sec for each burst Festering Wound.
Death Knight	Unholy	252	Anti-Magic Shell	48707	class-baseline	SkillLineAbility:796	true	60	0	Cooldown						Buff/Utility	Immune/Spell Immune/Movement	cdm-only:CooldownSetSpell		api	Surrounds you in an Anti-Magic Shell for 5 sec, absorbing up to 9,165 magic damage and preventing application of harmful magical effects. Damage absorbed generates Runic Power.
Death Knight	Unholy	252	Death Gate	50977	class-baseline	SkillLineAbility:796	true	60	4	Cooldown										api	Opens a gate which you can use to return to Ebon Hold.\n\nUsing a Death Gate while in Ebon Hold will return you back to near your departure point.
Death Knight	Unholy	252	Consumption	205223	class-baseline	SkillLineAbility:796	true	45	0	Cooldown										api	Strikes all enemies in front of you with a hungering attack that deals 87 Physical damage and heals you for 100% of that damage.
Death Knight	Unholy	252	Corpse Exploder	127344	class-baseline	SkillLineAbility:796	true	15	0	Rotational										api	Cause a target corpse to explode in a shower of gore. Does not affect mechanical or elemental corpses.
Death Knight	Unholy	252	Dark Command	56222	class-baseline	SkillLineAbility:796	true	8	0	Rotational							Taunt/Quick Access			api	Command the target to attack you, and increases the threat you generate against them by 800% for 6 sec.
Death Knight	Unholy	252	Death Grip	49576	class-baseline	SkillLineAbility:796	true	1	0	Rotational						Utility	Class 1 (Movement)	cdm-only:CooldownSetSpell		api	Harnesses the energy that surrounds and binds all matter, drawing the target toward you.
Death Knight	Unholy	252	Death's Advance	48265	class-baseline	SkillLineAbility:796	true	1	0	Rotational						Buff/Utility	Movement Ability	cdm-only:CooldownSetSpell		api	For 10 sec, your movement speed is increased by 35%, you cannot be slowed below 100% of normal speed, and you are immune to forced movement effects and knockbacks.\n\nPassive: You cannot be slowed below 70% of normal speed.
Death Knight	Unholy	252	Blood Plague	55078	class-baseline	SkillLineAbility:796	true	0	0	Rotational										api	A shadowy disease that drains 93 health from the target over 24 sec.
Death Knight	Unholy	252	Chains of Ice	45524	class-baseline	SkillLineAbility:796	true	0	0	Rotational						Buff	Slow	cdm-only:CooldownSetSpell		api	Shackles the target with frozen chains, reducing movement speed by 70% for 8 sec.
Death Knight	Unholy	252	Death Coil	47541	class-baseline	SkillLineAbility:796	true	0	0	Rotational						Essential	Rotational 3	cdm-only:CooldownSetSpell		api	Fires a blast of unholy energy at the target, causing 74 Shadow damage to an enemy or healing an Undead ally for 165 health.\n\nExtends the duration of Dread Plague and Virulent Plague by 1.5 sec.
Death Knight	Unholy	252	Death and Decay	52212	class-baseline	SkillLineAbility:796	true	0	0	Rotational						Essential/Other	Rotational 7	cdm-only:CooldownSetSpell		api	Corrupts the ground targeted by the Death Knight, causing Shadow damage every sec that targets remain in the area for 10 sec.
Death Knight	Unholy	252	Epidemic	207317	class-baseline	SpecializationSpells	true	0	0	Rotational						Essential	Rotational 5	cdm-only:CooldownSetSpell		api	Causes each of your Virulent Plagues to flare up, dealing 22 Shadow damage to the infected enemy and 8 Shadow damage to foes nearby.\n\nExtends the duration of Dread Plague and Virulent Plague by 1.5 sec.
Death Knight	Unholy	252	Festering Strike	85948	class-baseline	SpecializationSpells	true	0	0	Rotational						Essential	Rotational 2	cdm-only:CooldownSetSpell		api	Slash the enemy for 70 Physical damage and corrupt your weapon with blight, causing your next 2-3 Scourge Strikes to summon a Lesser Ghoul.\n\nLesser Ghoul\nA mindless servant of the Scourge, raised to obey its master's commands for 6 sec.
Death Knight	Unholy	252	Frost Breath	190780	class-baseline	SkillLineAbility:796	true	0	0	Rotational										api	Summons Sindragosa, who breathes frost on all enemies within 40 yd in front of you, dealing 148 Frost damage and slowing movement speed by 50% for 10 sec.
Death Knight	Unholy	252	Frost Fever	55095	class-baseline	SkillLineAbility:796	true	0	0	Rotational										api	A disease that deals 59 Frost damage over 24 sec and has a chance to grant the Death Knight 4 Runic Power each time it deals damage.
Death Knight	Unholy	252	Path of Frost	3714	class-baseline	SkillLineAbility:796	true	0	0	Rotational							Class 6 (Dispel)			api	Activates a freezing aura for 10 min that creates ice beneath your feet, allowing party or raid members within 50 yards to walk on water.\n\nUsable while mounted, but being attacked or damaged will cancel the effect.
Death Knight	Unholy	252	Rune Strike	316239	class-baseline	SkillLineAbility:796	true	0	0	Rotational										api	Strike the target for 21 Physical damage. This attack cannot be dodged, blocked, or parried.
Death Knight	Unholy	252	Rune of Razorice	53343	class-baseline	SkillLineAbility:960 (secondary)	true	0	5	Rotational										db2-template	Engrave your weapon with a rune that causes ${$max(($<coeff>*$AP),1)}% extra weapon damage as Frost damage and increases enemies' vulnerability to your Frost attacks by $51714s1%, stacking up to $51714u times. $?a332944[][\n\nModifying your rune requires a Runeforge in Ebon Hold.]
Death Knight	Unholy	252	Rune of Sanguination	326805	class-baseline	SkillLineAbility:960 (secondary)	true	0	5	Rotational										db2-template	Engrave your weapon with a rune that causes your Death Strike to deal increased damage based on the target's missing health. When you fall below $326801s1% health, you heal for ${$326808s1*$326808d}% of your maximum health over $326808d. \n\nModifying your rune requires a Runeforge in Ebon Hold.
Death Knight	Unholy	252	Rune of Spellwarding	326855	class-baseline	SkillLineAbility:960 (secondary)	true	0	5	Rotational										db2-template	Engrave your weapon with a rune that deflects $326864s2% of all spell damage and taking magic damage has a chance to create a shield that absorbs magic damage equal to $s2% of your maximum health. When an enemy damages the shield, their cast speed is reduced by $326868s1% for $326868d. \n\nModifying your rune requires a Runeforge in Ebon Hold.
Death Knight	Unholy	252	Rune of Unending Thirst	326977	class-baseline	SkillLineAbility:960 (secondary)	true	0	5	Rotational										db2-template	Engrave your weapon with a rune that increases your movement speed by $326982s2%. Additionally, when you kill an enemy that yields experience or honor you heal for $326984s2% of your maximum health and gain $326984s1% Haste and movement speed.\n\nModifying your rune requires a Runeforge in Ebon Hold.
Death Knight	Unholy	252	Rune of the Apocalypse	327082	class-baseline	SkillLineAbility:960 (secondary)	true	0	5	Rotational										db2-plain	Engrave your weapon with a rune that gives your ghoul's attacks a chance to apply one of the following debuffs to the target, Death: Healing Reduction, War: Increases damage taken from the Death Knight, Famine: Reduces damage dealt to the Death Knight, Pestilence: Slows the target and deals damage over time. \n\nModifying your rune requires a Runeforge in Ebon Hold.
Death Knight	Unholy	252	Rune of the Fallen Crusader	53344	class-baseline	SkillLineAbility:960 (secondary)	true	0	5	Rotational										db2-template	Engrave your weapon with a rune that has a chance to heal you for $53365s2% of your maximum health and increase total Strength by $53365s1% for $53365d.  \n\nModifying your rune requires a Runeforge in Ebon Hold.
Death Knight	Unholy	252	Rune of the Stoneskin Gargoyle	62158	class-baseline	SkillLineAbility:960 (secondary)	true	0	5	Rotational										db2-template	Engrave your weapon with a rune that increases Armor by $62157s1% and all stats by $62157s2%.\n\nModifying your rune requires a Runeforge in Ebon Hold.
Death Knight	Unholy	252	Runeforging	53428	class-baseline	SkillLineAbility:960 (secondary)	true	0	0	Rotational										db2-plain	Allows the Death Knight to emblazon their weapon with runes.
Death Knight	Unholy	252	Single-Button Assistant	1229376	class-baseline	SpecializationSpells	true	0	2	Rotational										api	Casts damaging abilities for use in combat, rotating through them based on priority.\n\nThe global cooldown of abilities used through the Single-Button Assistant is 25% longer.
Death Knight	Unholy	252	Strangulate	47476	pvp-talent	PvpTalent	true	45	0	Cooldown										api	Shadowy tendrils constrict an enemy's throat, silencing them for 4 sec.
Death Knight	Unholy	252	Dark Simulacrum	77606	pvp-talent	PvpTalent	true	20	0	Rotational							PvP			api	Places a dark ward on an enemy player that persists for 12 sec, triggering when the enemy next spends mana on a spell, and allowing the Death Knight to unleash an exact duplicate of that spell.
Death Knight	Unholy	252	Bloodforged Armor	410301	pvp-talent	PvpTalent	false	0	0	Rotational						Buff		cdm-only:CooldownSetSpell		api	Death Strike reduces all Physical damage taken by 25% for 4 sec.
Death Knight	Unholy	252	Doomburst	356512	pvp-talent	PvpTalent	false	0	0	Rotational										api	Sudden Doom also causes your next Death Coil to deal the damage of your plagues an additional time at 25% effectiveness and reduce the target's movement speed by 45% for 3 sec.
Death Knight	Unholy	252	Life and Death	288855	pvp-talent	PvpTalent	false	0	0	Rotational										api	When the target afflicted with your Dread Plague is healed, you are also healed for 10% of the amount.\n\nAdditionally, Dread Plague deals 200% of its remaining damage to the target when dispelled.
Death Knight	Unholy	252	Necrotic Wounds	356520	pvp-talent	PvpTalent	false	0	0	Rotational										api	Putrefy applies a Necrotic Wound to the enemy when it deals damage, absorbing 8% of all healing received for 15 sec.\n\nMax 3 stacks. Adding a stack does not refresh the duration.
Death Knight	Unholy	252	Rot and Wither	202727	pvp-talent	PvpTalent	false	0	0	Rotational										api	Your Death and Decay rots enemies each time it deals damage, absorbing healing equal to 100% of damage dealt.
Death Knight	Unholy	252	Spellwarden	410320	pvp-talent	PvpTalent	false	0	0	Rotational										api	Anti-Magic Shell is now usable on allies and its cooldown is reduced by 10 sec.
Death Knight	Unholy	252	Stitchmaster	1281529	pvp-talent	PvpTalent	false	0	0	Rotational										api	When a Lesser Ghoul dies, you gather the remains to heal for 2% of its maximum health.\n\nDeath Strike sacrifices all Lesser Ghouls under your command.
Death Knight	Unholy	252	Zombify	210128	pvp-talent	PvpTalent	true	0	0	Rotational						Essential		cdm-only:CooldownSetSpell		api	Reanimates a nearby corpse, summoning a zombie for 20 sec that slowly moves towards your target. \n\nIf your zombie reaches its target, it explodes after 3.0 sec. The explosion stuns all enemies within 8 yards for 3 sec and deals 10% of their health in Shadow damage.
Death Knight	Unholy	252	A Feast of Souls	444072	talent-passive	TraitNodeEntry	false	0	0	Rotational	hero	Rider of the Apocalypse	95042	123411	1	Buff		cdm-only:CooldownSetSpell		api	While you have 2 or more Horsemen aiding you, your  increased damage.
Death Knight	Unholy	252	All Will Serve	194916	talent-passive	TraitNodeEntry	false	0	0	Rotational	spec		76181	96317	1					api	Raise Dead summons an additional skeletal archer at your command that shoots Blighted Arrows.\n\nBlighted Arrow\nAn unholy arrow that deals 11 Shadow damage. When consuming Sudden Doom, your Death Coil commands your archer to fire an additional Blighted Arrow at 80% effectiveness. Epidemic will instead cause Blighted Arrow to ricochet and hit up to 5 additional targets.
Death Knight	Unholy	252	Ancient Power	377590	talent-passive	TraitNodeEntry	false	0	0	Rotational	spec		76152	96286	2	Buff		cdm-only:CooldownSetSpell		api	Spending Runic Power increases your Strength by 0.50% for 20 sec.\n\nMultiple applications may overlap.
Death Knight	Unholy	252	Anti-Magic Barrier	205727	talent-passive	TraitNodeEntry	false	0	0	Rotational	class		76046	96174	1					api	Reduces the cooldown of Anti-Magic Shell by 20 sec and increases its duration and amount absorbed by 40%.
Death Knight	Unholy	252	Apocalypse Now	444040	talent-passive	TraitNodeEntry	false	0	0	Rotational	hero	Rider of the Apocalypse	95041	117638	1					api	Army of the Dead and Frostwyrm's Fury call upon all 4 Horsemen to aid you for 20 sec.
Death Knight	Unholy	252	Assimilation	374383	talent-passive	TraitNodeEntry	false	0	0	Rotational	class		76048	96176	1					api	The cooldown of Anti-Magic Zone is reduced by 60 sec and its duration is increased by 2 sec.
Death Knight	Unholy	252	Blightburst	1254552	talent-passive	TraitNodeEntry	false	0	0	Rotational	spec		108126	133515	1					api	The explosion effect of Putrefy extends the duration of your plagues by 4.5 sec and deals 35% of the damage they would deal over that time instantly.\n\nPutrefy now applies your plagues to unaffected targets.
Death Knight	Unholy	252	Blightfall	1271974	talent-passive	TraitNodeEntry	false	0	0	Rotational	spec		108124	133513	1	Buff		cdm-only:CooldownSetSpell		api	Dark Transformation grants access to Blightfall.\n\nBlightfall\nConsume 100% of your plagues around you and deal 100% of their remaining damage instantly.\n\nGrants 1 charge of Putrefy.
Death Knight	Unholy	252	Blood Bond	1267028	talent-passive	TraitNodeEntry	false	0	0	Rotational	class		76060	96189	1					api	While you are below 50% health, your Ghoul sacrifices 4% of its maximum health to heal you for 1% of your maximum health every sec.
Death Knight	Unholy	252	Blood Draw	374598	talent-passive	TraitNodeEntry	false	0	0	Rotational	class		76056	96184	1	Buff		cdm-only:CooldownSetSpell		api	When you fall below 30% health you drain 42 health from nearby enemies, the damage you take is reduced by 10% and your Death Strike cost is reduced by 10 for 8 sec.\n\nCan only occur every 2 min.
Death Knight	Unholy	252	Blood Scent	374030	talent-passive	TraitNodeEntry	false	0	0	Rotational	class		76078	96207	1					api	Increases Leech by 3%.
Death Knight	Unholy	252	Blood-Soaked Ground	434033	talent-passive	TraitNodeEntry	false	0	0	Rotational	hero	San'layn	95048	117645	1					api	While you are within your Death and Decay, your physical damage taken is reduced by 5% and your chance to gain Vampiric Strike is increased by 5%.
Death Knight	Unholy	252	Bloody Fortitude	434136	talent-passive	TraitNodeEntry	false	0	0	Rotational	hero	San'layn	95056	117891	1					api	Icebound Fortitude reduces all damage you take by up to an additional 20% based on your missing health.\n\nKilling an enemy that yields experience or honor reduces the cooldown of Icebound Fortitude by 3 sec.
Death Knight	Unholy	252	Brittle	374504	talent-passive	TraitNodeEntry	false	0	0	Rotational	class		76061	96190	1	Buff		cdm-only:CooldownSetSpell		api	Your diseases have a chance to weaken your enemy causing your attacks against them to deal 6% increased damage for 5 sec.
Death Knight	Unholy	252	Clawing Shadows	1241567	talent-passive	TraitNodeEntry	false	0	0	Rotational	spec		108131	133523	1	Buff		cdm-only:CooldownSetSpell		api	Shadows guide your strikes, increasing the damage of your Scourge Strike by 25%, and causing it to grant you Clawing Shadows up to 4 times.\n\nFor each stack of Clawing Shadows, your Scourge Strike chains to an additional enemy. Each subsequent chain deals 20% reduced damage.
Death Knight	Unholy	252	Cleaving Strikes	316916	talent-passive	TraitNodeEntry	false	0	0	Rotational	class		76073	96202	1					db2-template	$?a137006[Frostscythe deals $s3% increased damage during Remorseless Winter.][]$?a137008[Heart Strike hits up to $s1][]$?a137007[Scourge Strike and Festering Strike deal $s4% increased damage.][]$?a137008[ additional enemies while you remain in Death and Decay.\n\nWhen leaving your Death and Decay you retain its bonus effects for ${$s2/1000} sec.][]
Death Knight	Unholy	252	Coil of Devastation	390270	talent-passive	TraitNodeEntry	false	0	0	Rotational	spec		76156	96290	1	Buff		cdm-only:CooldownSetSpell		api	Death Coil deals 10% increased damage and causes the target to take an additional 30% of the direct damage dealt over 4 sec.
Death Knight	Unholy	252	Coldthirst	378848	talent-passive	TraitNodeEntry	false	0	0	Rotational	class		76083	96212	1					api	Successfully interrupting an enemy with Mind Freeze grants 10 Runic Power and reduces its cooldown by 3 sec.
Death Knight	Unholy	252	Commander of the Dead	390259	talent-passive	TraitNodeEntry	false	0	0	Rotational	spec		76149	96283	2	Buff		cdm-only:CooldownSetSpell		api	Dark Transformation empowers your Gargoyle, Abomination, Magus and Lesser Ghouls for 30 sec, increasing their damage by 25%.\n\nThe duration of Lesser Ghouls are increased by 0% of your Mastery.
Death Knight	Unholy	252	Cycle of Death	1290864	talent-passive	TraitNodeEntry	false	0	0	Rotational	spec		76155	96289	1					api	Putrefy reduces the cooldown of Death and Decay by 1.0 sec.\n\nDeath and Decay reduces the cooldown of Putrefy by 0.3 sec for each enemy it damages, up to 3.0 sec.
Death Knight	Unholy	252	Death Charge	444010	talent-passive	TraitNodeEntry	false	0	0	Rotational	hero	Rider of the Apocalypse	95060	123412	1					api	Call upon your Death Charger to break free of movement impairment effects.\n\nFor 10 sec, while upon your Death Charger your movement speed is increased by 100%, you cannot be slowed below 100% of normal speed, and you are immune to forced movement effects and knockbacks.
Death Knight	Unholy	252	Death Defiance	1266818	talent-passive	TraitNodeEntry	false	0	0	Rotational	class		110031	136525	1					api	The cooldown of Death Pact is reduced by 30 sec, and you receive 50% increased healing while its healing absorb is active.
Death Knight	Unholy	252	Death Notes	1266819	talent-passive	TraitNodeEntry	false	0	0	Rotational	class		110030	136524	1					api	Raise Ally costs 30 less Runic Power.
Death Knight	Unholy	252	Death's Echo	356367	talent-passive	TraitNodeEntry	false	0	0	Rotational	class		102007	126015	1					api	Death's Advance, Death and Decay, and Death Grip have 1 additional charge.
Death Knight	Unholy	252	Death's Reach	276079	talent-passive	TraitNodeEntry	false	0	0	Rotational	class		76064	136526	1					api	Increases the range of Death Grip by 10 yds.\n\nKilling an enemy that yields experience or honor resets the cooldown of Death Grip.
Death Knight	Unholy	252	Desecrate	1234559	talent-passive	TraitNodeEntry	false	0	0	Rotational	hero	San'layn	95048	136836	1					api	Death and Decay deals its damage 100% faster.
Death Knight	Unholy	252	Doomed Bidding	455386	talent-passive	TraitNodeEntry	false	0	0	Rotational	spec		108130	125816	1					api	Consuming Sudden Doom summons forth a Lesser Ghoul to assist you for 6 sec.
Death Knight	Unholy	252	Ebon Fever	207269	talent-passive	TraitNodeEntry	false	0	0	Rotational	spec		76197	96334	1					api	Plagues deal 15% more damage over time in 75% of their duration.
Death Knight	Unholy	252	Enfeeble	392566	talent-passive	TraitNodeEntry	false	0	0	Rotational	class		110029	136523	1	Buff		cdm-only:CooldownSetSpell		api	Your ghoul's attacks have a chance to apply Enfeeble, reducing the enemies movement speed by 30% and the damage they deal to you by 12% for 6 sec.
Death Knight	Unholy	252	Festering Scythe	455397	talent-passive	TraitNodeEntry	false	0	0	Rotational	spec		76193	96330	1	Buff		cdm-only:CooldownSetSpell		api	Festering Strike now follows up with a Festering Scythe that costs no Runes.\n\nFestering Scythe\nSlashes through all enemies within 14 yds in front of you, dealing 35 Shadow damage and hastening all of your plagues on targets hit to deal damage 35% faster for 25 sec.
Death Knight	Unholy	252	Forbidden Knowledge	1242158	talent-passive	TraitNodeEntry	false	0	0	Rotational	spec		110354	136920	1	Buff/Other		talent-passive:TraitNodeEntry;cdm-only:CooldownSetSpell		api	Army of the Dead siphons the power of the fallen, transforming Death Coil and Epidemic into Necrotic Coil and Graveyard for 30 sec.\n\nNecrotic Coil\nUnleash a vortex of necrotic energy and bone, dealing 77 Shadowstrike damage up to 3 foes and 24 Shadow damage to all pierced enemies.\n\nGraveyard\nThe dead erupt beneath all foes with Virulent Plague, dealing 33 Shadow damage and 13 Shadow damage to enemies nearby.
Death Knight	Unholy	252	Foul Infections	455396	talent-passive	TraitNodeEntry	false	0	0	Rotational	spec		76162	96296	1					api	Your diseases deal 10% more damage and have a 5% increased chance to critically strike.
Death Knight	Unholy	252	Frenzied Bloodthirst	434075	talent-passive	TraitNodeEntry	false	0	0	Rotational	hero	San'layn	95065	117662	1					api	Essence of the Blood Queen stacks 2 additional times and increases the damage of your Death Coil and Death Strike by 5%, and Epidemic by 5% per stack.
Death Knight	Unholy	252	Fury of the Horsemen	444069	talent-passive	TraitNodeEntry	false	0	0	Rotational	hero	Rider of the Apocalypse	95042	117639	1					api	Every 50 Runic Power you spend extends the duration of the Horsemen's aid in combat by 1 sec, up to 5 sec.
Death Knight	Unholy	252	Ghoulish Frenzy	377587	talent-passive	TraitNodeEntry	false	0	0	Rotational	spec		76194	96331	1	Buff		cdm-only:CooldownSetSpell		api	Dark Transformation increases the attack speed and damage of you and your Monstrosity by 5% for 15 sec.
Death Knight	Unholy	252	Gift of the San'layn	434152	talent-passive	TraitNodeEntry	false	0	0	Rotational	hero	San'layn	95053	117650	1	Buff		cdm-only:CooldownSetSpell		api	While Dark Transformation is active you gain Gift of the San'layn.\n\nGift of the San'layn increases the effectiveness of your Essence of the Blood Queen by 200%, and Vampiric Strike replaces your Scourge Strike for the duration.
Death Knight	Unholy	252	Gloom Ward	391571	talent-passive	TraitNodeEntry	false	0	0	Rotational	class		76052	96180	2					api	Absorbs are 15% more effective on you.
Death Knight	Unholy	252	Grave Mastery	1238900	talent-passive	TraitNodeEntry	false	0	0	Rotational	spec		76186	133365	1					api	Critical strike damage of your minions is increased by 15%
Death Knight	Unholy	252	Grip of the Dead	273952	talent-passive	TraitNodeEntry	false	0	0	Rotational	class		76057	96186	1					api	Death and Decay reduces the movement speed of enemies within its area by 90%, decaying by 10% every sec.
Death Knight	Unholy	252	Harbinger of Doom	276023	talent-passive	TraitNodeEntry	false	0	0	Rotational	spec		76178	96313	1					api	Sudden Doom triggers 30% more often and can accumulate up to 2 charges.\n\nSummoning a Lesser Ghoul with Scourge Strike reduces the cooldown of Putrefy by 2.5 sec.
Death Knight	Unholy	252	Horsemen's Aid	444074	talent-passive	TraitNodeEntry	false	0	0	Rotational	hero	Rider of the Apocalypse	95037	117634	1					api	While at your aid, the Horsemen will occasionally cast Anti-Magic Shell on you and themselves at 80% effectiveness.\n\nYou may only benefit from this effect every 45 sec.
Death Knight	Unholy	252	Hungering Thirst	444037	talent-passive	TraitNodeEntry	false	0	0	Rotational	hero	Rider of the Apocalypse	95044	117641	1					api	The damage of your diseases and Death Coil are increased by 5%.
Death Knight	Unholy	252	Ice Prison	454786	talent-passive	TraitNodeEntry	false	0	0	Rotational	class		76086	96215	1	Utility		cdm-only:CooldownSetSpell		api	Chains of Ice now also roots enemies for 4 sec but its cooldown is increased to 12 sec.
Death Knight	Unholy	252	Icy Talons	194878	talent-passive	TraitNodeEntry	false	0	0	Rotational	class		76085	96214	1	Buff		cdm-only:CooldownSetSpell		api	Your Runic Power spending abilities increase your melee attack speed by 6% for 10 sec, stacking up to 3 times.
Death Knight	Unholy	252	Improved Death Strike	374277	talent-passive	TraitNodeEntry	false	0	0	Rotational	class		76067	96196	1					api	Death Strike's cost is reduced by 10, and its healing is increased by 60%.
Death Knight	Unholy	252	Incite Terror	434151	talent-passive	TraitNodeEntry	false	0	0	Rotational	hero	San'layn	95040	117637	1					api	Vampiric Strike and Scourge Strike cause your targets to take 1% increased Shadow damage, up to 5% for 15 sec.\n\nVampiric Strike benefits from Incite Terror at 400% effectiveness.
Death Knight	Unholy	252	Inevitable	1280658	talent-passive	TraitNodeEntry	false	0	0	Rotational	hero	San'layn	95045	117642	1					api	Your plagues deal up to 30% increased damage based on the target's missing health.
Death Knight	Unholy	252	Infected Claws	207272	talent-passive	TraitNodeEntry	false	0	0	Rotational	spec		76187	96324	1	Buff		cdm-only:CooldownSetSpell		api	The infected claws of your ghouls have a chance to sicken the foe, dealing 7 Shadow damage over 12 sec. When reapplied, any remaining damage is added to the new effect.
Death Knight	Unholy	252	Infliction of Sorrow	434143	talent-passive	TraitNodeEntry	false	0	0	Rotational	hero	San'layn	95033	117630	1					api	When Vampiric Strike damages an enemy affected by your plagues, it extends the duration of the plagues by 3.0 sec, and deals 10% of the remaining damage to the enemy.
Death Knight	Unholy	252	Insidious Chill	391566	talent-passive	TraitNodeEntry	false	0	0	Rotational	class		76051	96179	1	Buff		cdm-only:CooldownSetSpell		api	Your auto-attacks reduce the target's auto-attack speed by 5% for 30 sec, stacking up to 4 times.
Death Knight	Unholy	252	Let Terror Reign	1265949	talent-passive	TraitNodeEntry	false	0	0	Rotational	hero	Rider of the Apocalypse	109740	135998	1					api	Casting Death Coil or Epidemic orders Whitemane to cast her Death Coil or Epidemic alongside you at 125% effectiveness.
Death Knight	Unholy	252	Magus of the Dead	390196	talent-passive	TraitNodeEntry	false	0	0	Rotational	spec		76148	96282	1					api	Dark Transformation and Army of the Dead summon a Magus of the Dead who hurls Frostbolts and Shadow Bolts at your foes for 15 sec.
Death Knight	Unholy	252	March of Darkness	391546	talent-passive	TraitNodeEntry	false	0	0	Rotational	class		76074	96203	1					api	Death's Advance grants an additional 25% movement speed over the first 3 sec.
Death Knight	Unholy	252	Mawsworn Menace	444099	talent-passive	TraitNodeEntry	false	0	0	Rotational	hero	Rider of the Apocalypse	95054	117651	1					api	Scourge Strike deals 15% increased damage and the cooldown of your Death and Decay is reduced by 5 sec.
Death Knight	Unholy	252	Menacing Magus	455135	talent-passive	TraitNodeEntry	false	0	0	Rotational	spec		101882	125815	1					api	Your Magus of the Dead Shadow Bolt now fires a volley of Shadow Bolts at up to 8 nearby enemies.
Death Knight	Unholy	252	Mograine's Might	444047	talent-passive	TraitNodeEntry	false	0	0	Rotational	hero	Rider of the Apocalypse	95067	117664	1					api	Your damage is increased by 5% and you gain  while inside Mograine's Death and Decay.
Death Knight	Unholy	252	Morbidity	377592	talent-passive	TraitNodeEntry	false	0	0	Rotational	spec		76160	96294	1					api	Diseased enemies take 1% increased damage from you per disease they are affected by.
Death Knight	Unholy	252	Nazgrim's Conquest	444052	talent-passive	TraitNodeEntry	false	0	0	Rotational	hero	Rider of the Apocalypse	95059	117656	1					api	If an enemy dies while Nazgrim is active, the strength of Apocalyptic Conquest is increased by 3%.\n\nAdditionally, each Rune you spend increase its value by 1%.
Death Knight	Unholy	252	Necromancer's Cunning	288848	talent-passive	TraitNodeEntry	false	0	0	Rotational	spec		110260	136797	1					api	When your Lesser Ghouls expire, they explode in viscera, dealing 15 Shadow damage to enemies nearby.
Death Knight	Unholy	252	Newly Turned	433934	talent-passive	TraitNodeEntry	false	0	0	Rotational	hero	San'layn	95064	117661	1					api	Raise Ally revives players at full health and grants you and your ally an absorb shield equal to 20% of your maximum health.
Death Knight	Unholy	252	Null Magic	454842	talent-passive	TraitNodeEntry	false	0	0	Rotational	class		102008	126016	1					api	Magic damage taken is reduced by 8% and the duration of harmful Magic effects against you are reduced by 35%.
Death Knight	Unholy	252	On a Paler Horse	444008	talent-passive	TraitNodeEntry	false	0	0	Rotational	hero	Rider of the Apocalypse	95060	117657	1					api	While outdoors you are able to mount your Acherus Deathcharger in combat.
Death Knight	Unholy	252	Osmosis	454835	talent-passive	TraitNodeEntry	false	0	0	Rotational	class		76088	96217	1					api	Anti-Magic Shell increases healing received by 15%.
Death Knight	Unholy	252	Outnumber	1241705	talent-passive	TraitNodeEntry	false	0	0	Rotational	spec		76182	96318	1					api	Each Lesser Ghoul increases the damage of your permanent Ghoul by 10%, and Dark Transformation additionally empowers the Claw attacks of your Lesser Ghouls to Sweeping Claws.\n\nSweeping Claws\nRakes an enemy with deformed claws, dealing 24 Shadow damage to the target and 16 Shadow damage to nearby enemies.
Death Knight	Unholy	252	Pact of the Apocalypse	444083	talent-passive	TraitNodeEntry	false	0	0	Rotational	hero	Rider of the Apocalypse	95037	123410	1					api	When you take damage, 5% of the damage is redirected to each active horsemen.
Death Knight	Unholy	252	Pact of the San'layn	434261	talent-passive	TraitNodeEntry	false	0	0	Rotational	hero	San'layn	95055	117652	1					api	You store 10% of all Shadow damage dealt into your Blood Beast to explode for additional damage when it expires.
Death Knight	Unholy	252	Permafrost	207200	talent-passive	TraitNodeEntry	false	0	0	Rotational	class		76066	96195	1	Buff		cdm-only:CooldownSetSpell		api	Your auto attack damage grants you an absorb shield equal to 40% of the damage dealt.
Death Knight	Unholy	252	Plague Mastery	390166	talent-passive	TraitNodeEntry	false	0	0	Rotational	spec		76186	96323	1					api	Critical strike damage of your diseases is increased by 25%
Death Knight	Unholy	252	Proliferating Chill	373930	talent-passive	TraitNodeEntry	false	0	0	Rotational	class		101708	125606	1					api	Chains of Ice affects 1 additional nearby enemy.
Death Knight	Unholy	252	Putrid Echoes	377580	talent-passive	TraitNodeEntry	false	0	0	Rotational	spec		108151	133546	1					api	Putrefy deals 20% increased damage, has 2 additional charges and consumes up to 2 available charges.
Death Knight	Unholy	252	Raise Abomination	1242608	talent-passive	TraitNodeEntry	false	0	0	Rotational	spec		76176	96311	1	Buff		cdm-only:CooldownSetSpell		api	Army of the Dead now raises an Abomination for 30 sec to attack enemies while emitting a disease cloud, dealing 12 Plague damage to nearby enemies every 2 sec.
Death Knight	Unholy	252	Reanimation	1256813	talent-passive	TraitNodeEntry	false	0	0	Rotational	spec		109458	135676	1					api	When you Putrefy a Lesser Ghoul, it has a 100% chance to reanimate as a Magus of the Dead who hurls Frostbolts and Shadow Bolts at your foes for 15 sec.\n\nMagus of the Dead Frostbolts and Shadow Bolts deal 25% increased damage.
Death Knight	Unholy	252	Reaping	377514	talent-passive	TraitNodeEntry	false	0	0	Rotational	spec		109392	133517	1	Buff		cdm-only:CooldownSetSpell		api	Scourge Strike, Festering Strike, and Death Coil deal 30% additional damage to enemies below 35% health.\n\nDark Transformation resets Soul Reaper's cooldown and allows it to be used on any target.
Death Knight	Unholy	252	Ride or Die!	1265959	talent-passive	TraitNodeEntry	false	0	0	Rotational	hero	Rider of the Apocalypse	109741	135999	1					api	Dark Transformation summons forth Whitemane for 6 sec.
Death Knight	Unholy	252	Rider's Champion	444005	talent-passive	TraitNodeEntry	false	0	0	Rotational	hero	Rider of the Apocalypse	95066	117663	1	Buff		cdm-only:CooldownSetSpell		api	Spending Runes has a chance to call forth the aid of a Horsemen for 10 sec.\n\nMograine\nCasts Death and Decay at his location that follows his position and extends the duration of your diseases by 1.0 sec whenever it deals damage.\n\nWhitemane\nCasts Undeath on your target dealing 2 Shadowfrost damage per stack every 3 sec, for 24 sec. Each time Undeath deals damage it gains a stack. Cannot be refreshed.\n\nTrollbane\nCasts Chains of Ice on your target slowing their movement speed by 40% and increasing the damage they take from you by 5% for 8 sec.\n\nNazgrim\nWhile Nazgrim is active you gain Apocalyptic Conquest, increasing your Strength by 5%.
Death Knight	Unholy	252	Rune Mastery	374574	talent-passive	TraitNodeEntry	false	0	0	Rotational	class		76079	96208	2	Buff		cdm-only:CooldownSetSpell		api	Consuming a Rune has a chance to increase your Strength by 3% for 8 sec.
Death Knight	Unholy	252	Runic Attenuation	207104	talent-passive	TraitNodeEntry	false	0	0	Rotational	class		76045	96173	1					api	Auto attacks have a chance to generate 3 Runic Power.
Death Knight	Unholy	252	Runic Protection	454788	talent-passive	TraitNodeEntry	false	0	0	Rotational	class		76055	96183	1					api	Your chance to be critically struck is reduced by 3% and your Armor is increased by 6%.
Death Knight	Unholy	252	Sanguine Scent	434263	talent-passive	TraitNodeEntry	false	0	0	Rotational	hero	San'layn	95055	117893	1					api	Your Death Coil and Death Strike have a 15% increased chance to trigger Vampiric Strike when damaging enemies below 35% health.
Death Knight	Unholy	252	Scourging	1242604	talent-passive	TraitNodeEntry	false	0	0	Rotational	spec		108127	133516	2					api	Scourge Strike now causes your Plagues to erupt at 50% effectiveness.\n\nClawing Shadows can now stack 1 additional times.
Death Knight	Unholy	252	Subduing Grasp	454822	talent-passive	TraitNodeEntry	false	0	0	Rotational	class		76080	96209	1	Buff		cdm-only:CooldownSetSpell		api	When you would pull an enemy, the damage they deal to you is reduced by 6% for 6 sec.
Death Knight	Unholy	252	Sudden Doom	49530	talent-passive	TraitNodeEntry	false	0	0	Rotational	spec		76191	96328	1	Buff		cdm-only:CooldownSetSpell		api	Dread Plague has a 35% chance to exhilarate you, making your next Death Coil or Epidemic cost 15 less Runic Power and deal 35% increased damage.
Death Knight	Unholy	252	Summon Gargoyle	1242147	talent-passive	TraitNodeEntry	false	0	0	Rotational	spec		76176	133514	1	Buff/Other		cdm-only:CooldownSetSpell		api	Army of the Dead now summons a Gargoyle into the battlefield to bombard your enemies for 25 sec.\n\nThe Gargoyle gains 1% increased damage for every 1 Runic Power you spend and always critically strikes.
Death Knight	Unholy	252	Superstrain	390283	talent-passive	TraitNodeEntry	false	0	0	Rotational	spec		76192	96329	1					api	Dread Plague deals damage to an additional nearby enemy at 75% effectiveness and has a chance to grant you 4 Runic Power.
Death Knight	Unholy	252	Suppression	374049	talent-passive	TraitNodeEntry	false	0	0	Rotational	class		76087	96216	1	Buff		cdm-only:CooldownSetSpell		api	Damage taken from area of effect attacks reduced by 3%. When suffering a loss of control effect, this bonus is increased by an additional 6% for 6 sec.
Death Knight	Unholy	252	The Blood is Life	434260	talent-passive	TraitNodeEntry	false	0	0	Rotational	hero	San'layn	95046	117643	1					api	Dark Transformation summons a Blood Beast to attack your enemy for 10 sec.\n\nEach time the Blood Beast attacks, it stores a portion of the damage dealt. When the Blood Beast dies, it explodes, dealing 25% of the damage accumulated to nearby enemies and healing the Death Knight for the same amount. Deals reduced damage beyond 8 targets.
Death Knight	Unholy	252	Thrill of Blood	1265547	talent-passive	TraitNodeEntry	false	0	0	Rotational	hero	San'layn	109737	135995	1					api	Essence of the Blood Queen additionally increases your Mastery by 1.0% per stack.\n\nBlood Plague deals 5% increased damage.
Death Knight	Unholy	252	Transfusion	1265574	talent-passive	TraitNodeEntry	false	0	0	Rotational	hero	San'layn	109736	135994	1					api	Vampiric Strike increases the damage of your Dancing Rune Weapons by 20% for 8 sec. \n\nMultiple applications may overlap.
Death Knight	Unholy	252	Trollbane's Icy Fury	444097	talent-passive	TraitNodeEntry	false	0	0	Rotational	hero	Rider of the Apocalypse	95063	117660	1					api	Scourge Strike shatters Trollbane's Chains of Ice when hit, dealing 36 Shadowfrost damage to nearby enemies, and slowing them by 40% for 4 sec. Deals reduced damage beyond 8 targets.
Death Knight	Unholy	252	Unholy Armaments	1265971	talent-passive	TraitNodeEntry	false	0	0	Rotational	hero	Rider of the Apocalypse	109739	135997	1					api	The abilities that Horsemen cast deal 5% increased damage..
Death Knight	Unholy	252	Unholy Aura	377440	talent-passive	TraitNodeEntry	false	0	0	Rotational	spec		76150	96284	2	Buff		cdm-only:CooldownSetSpell		api	Each Magus of the Dead under your command grants you 1.0% Haste.
Death Knight	Unholy	252	Unholy Bond	374261	talent-passive	TraitNodeEntry	false	0	0	Rotational	class		76076	96205	1					api	Increases the effectiveness of your Runeforge effects by 20%.
Death Knight	Unholy	252	Unholy Devotion	1241858	talent-passive	TraitNodeEntry	false	0	0	Rotational	spec		76184	96321	1					api	Putrefy causes your permanent Ghoul to go on an unholy frenzy, increasing its attack speed and energy regeneration by 25% for 12 sec.\n\nMultiple applications may overlap.
Death Knight	Unholy	252	Unholy Endurance	389682	talent-passive	TraitNodeEntry	false	0	0	Rotational	class		76058	96187	1					api	Increases Lichborne duration by 2 sec and reduces the cooldown by 30 sec.
Death Knight	Unholy	252	Unholy Momentum	374265	talent-passive	TraitNodeEntry	false	0	0	Rotational	class		76069	96198	2					api	Increases Haste by 2%.
Death Knight	Unholy	252	Unyielding Will	457574	talent-passive	TraitNodeEntry	false	0	0	Rotational	class		76050	96178	1					api	Anti-Magic Shell now removes all harmful magical effects when activated, but its cooldown is increased by 20 sec.
Death Knight	Unholy	252	Vampiric Aura	434100	talent-passive	TraitNodeEntry	false	0	0	Rotational	hero	San'layn	95056	117653	1					api	Your Leech is increased by 2%.\n\nWhile Lichborne is active, the Leech bonus of this effect is increased by 100%, and it affects 4 allies within 12 yds.
Death Knight	Unholy	252	Vampiric Speed	434028	talent-passive	TraitNodeEntry	false	0	0	Rotational	hero	San'layn	95064	117892	1					api	Death's Advance and Wraith Walk movement speed bonuses are increased by 10%.\n\nActivating Death's Advance or Wraith Walk increases 4 nearby allies movement speed by 20% for 5 sec.
Death Knight	Unholy	252	Vampiric Strike	433901	talent-passive	TraitNodeEntry	false	0	0	Rotational	hero	San'layn	95051	117648	1	Buff		cdm-only:CooldownSetSpell		api	Your Death Coil and Death Strike have a 25% chance to make your next Scourge Strike become Vampiric Strike.\n\nVampiric Strike heals you for 2% of your maximum health and grants you Essence of the Blood Queen, increasing your Haste by 1.0%, up to 5.0% for 20 sec.
Death Knight	Unholy	252	Vestigial Shell	454851	talent-passive	TraitNodeEntry	false	0	0	Rotational	class		76053	96181	1					api	Casting Anti-Magic Shell grants 2 nearby allies a Lesser Anti-Magic Shell that Absorbs up to 148 magic damage and reduces the duration of harmful Magic effects against them by 50%.
Death Knight	Unholy	252	Veteran of the Third War	48263	talent-passive	TraitNodeEntry	false	0	0	Rotational	class		76068	96197	1					api	Stamina increased by 20%.
Death Knight	Unholy	252	Visceral Strength	434157	talent-passive	TraitNodeEntry	false	0	0	Rotational	hero	San'layn	109738	135996	1	Buff		cdm-only:CooldownSetSpell		api	When Sudden Doom is consumed, you gain 4% Strength for 5 sec.
Death Knight	Unholy	252	Whitemane's Famine	444033	talent-passive	TraitNodeEntry	false	0	0	Rotational	hero	Rider of the Apocalypse	95047	117644	1					api	When Scourge Strike damages an enemy affected by Undeath it gains 1 stack and infects another nearby enemy.
Death Knight	Unholy	252	Will of the Necropolis	206967	talent-passive	TraitNodeEntry	false	0	0	Rotational	class		76054	96182	2					api	Damage taken below 30% Health is reduced by 20%.
Death Knight	Unholy	252	Gnaw	47481	cdm-only	CooldownSetSpell	true	90	0	Cooldown						Utility				db2-template	Bite and tear at a target's limbs, dealing light damage and stunning for $91800d.$?s1233448[\n\n|CFFE55BB0Dark Transformation: Strike an enemy with a smashing attack, dealing $<monstrousblow> Physical damage and stunning for $91797d.|R][]
Death Knight	Unholy	252	Dark Succor	178819	cdm-only	CooldownSetSpell	false	0	0	Rotational						Buff				api	When you kill an enemy that yields experience or honor, your next Death Strike within 20 sec is free and heals for an additional 10% of maximum health.
Death Knight	Unholy	252	Runic Corruption	51462	cdm-only	CooldownSetSpell	false	0	0	Rotational						Buff				api	Each Runic Power you spend has a 2.0% chance to increase your Rune regeneration rate by 100% for 3 sec.
Death Knight	Unholy	252	Unholy Death Knight	137007	cdm-only	CooldownSetSpell	false	0	0	Rotational						Buff				none	
